SL. NO.,ASSETS TAG NO.,PART NO,No of Parts,Part Description,Part wt,runner wt,Ton,cycle time,Cummulative 2018,Jan-19,Cum Jan,Feb-19,Cum Feb,Mar-19,Cum Mar,Apr-19,Cum Apr,May-19,Cum May,Jun-19,Cum Jun,Jul-19,Cum Jul,Aug-19,Cum Aug,Sep-19,Cum Sep,Oct-19,Cum Oct,Nov-19,Cum Nov,Dec-19,Cum Dec,Cummulative 2019,Total Shots till Dec 2019
1,72000801-0001,41002718,1,Back Plate Splendor,32,2,80,60,"76,972",0,0,0,0,0,0,,0,0,0,,0,,0,,0,,0,,0,,0,,0,0,76972
,,41000819,2,Back Plate Nitro,30,1.9,80,60,,,,,,,,,,,,,,,,,,,,,,,0,,0,0,0
2,72001528-0001,41000776,3,Base G&S PPCP IFB White,61,3,100,60,238121,10913,10913,2435,13348,18400,31748,14204,45952,13200,59152,14670,73822,14146,87968,12026,99994,11740,111734,,111734,,111734,,111734,111734,349855
3,72001031-0001,41001949,4,HOUSING ABS SE BLACK,58,2,120,64,20326,0,0,0,0,,0,,0,0,0,,0,,0,,0,,0,,0,,0,,0,0,20326
4,72001454-0001,41001016,5,Body (G) - Trio (Green),386,4,250,102,356754,16862,16862,11055,27917,16180,44097,9350,53447,9800,63247,5917,69164,11241,80405,11694,92099,13129,105228,,105228,,105228,,105228,105228,461982
,,41001857,6,Body G - Trio (S.Tap),,,,,,,0,,,,,,,,,,,,,,,,0,,0,,0,,0,0,0
,,41002391,7,Body - Star,,,,,,,0,,,,,,,,,,,,,,,,0,,0,,0,,0,0,0
5,72001525-0001,41000030,8,Bottle Big,106,4,150,75,85825,11651,11651,6273,17924,11050,28974,10800,39774,11500,51274,10030,61304,8250,69554,6190,75744,10770,86514,,86514,,86514,,86514,86514,172339
6,72000302-0001,41000724,9,Lid Botle CG (Blue),27,1,80,40,223215,1554,1554,3673,5227,5950,11177,4200,15377,4800,20177,,20177,4910,25087,,25087,,25087,,25087,,25087,,25087,25087,248302
7,72000471-0001,41000724,10,,,,,,,0,0,0,0,0,0,,0,0,0,,0,,0,,0,,0,,0,,0,,0,0,0
8,72001524-0001,41000031,11,Bottle Small,72,4,120,60,23170,2409,2409,0,2409,1600,4009,1000,5009,0,5009,940,5949,1250,7199,1700,8899,1960,10859,,10859,,10859,,10859,10859,34029
9,72001273-0002,41002544,12,Bottom plate popular,113,1,150,55,226621,12788,12788,15974,28762,29000,57762,27300,85062,27000,112062,28190,140252,21180,161432,20170,181602,20980,202582,,202582,,202582,,202582,202582,429203
10,72001455-0001,41001003,13,Bottom Plate New (G) - IFB White,174,4,150,52,"362,966",6652,6652,12437,19089,15600,34689,8950,43639,11677,55316,6330,61646,14335,75981,13645,89626,9212,98838,,98838,,98838,,98838,98838,461804
,,41001870,14,Bottom Plate Neo,,,,,,,0,,,,,,,,,,,,,,,,0,,0,,0,,0,0,0
11,72000690-0001,41001720,15,Bottom plate xpro,175,5,220,70,104261,6019,6019,2315,8334,4000,12334,6500,18834,6300,25134,5070,30204,4664,34868,3350,38218,1580,39798,,39798,,39798,,39798,39798,144059
12,72001485-0002,41900065,16,Fp bowl coupling zodiac,13.52,1.01,100,56,30748,0,0,1420,1420,2375,3795,3300,7095,2800,9895,5461,15356,3190,18546,3603,22149,3860,26009,,26009,,26009,,26009,26009,56757
13,72001479-0002,41900066,17,Fp bowl  handle zodiac,35,5,180,56,120630,12950,12950,17850,30800,12080,42880,12300,55180,8940,64120,9334,73454,12464,85918,10003,95921,8236,104157,,104157,,104157,,104157,104157,224787
14,72001600-0002,41003012,18,Bush holder taurus,55.2,4.01,120,68,111230,6400,6400,16506,22906,13100,36006,12000,48006,22600,70606,16808,87414,15127,102541,14500,117041,12857,129898,,129898,,129898,,129898,129898,241128
15,72001486-0002,41900064,19,Bearing holder zodiac,5,1.2,100,54,21478,0,0,3098,3098,5250,8348,6100,14448,6780,21228,7500,28728,750,29478,6700,36178,1350,37528,,37528,,37528,,37528,37528,59006
16,72000626-0001,42000007,20,Bottom Plate C.M,74,2,80,55,613829,0,0,740,740,1200,1940,1600,3540,0,3540,,3540,,3540,2030,5570,,5570,,5570,,5570,,5570,5570,619399
17,72001521-0001,41000636,21,C.G Lid Silver,46,3.5,130,52,165710,0,0,7001,7001,7250,14251,6400,20651,3906,24557,3560,28117,10945,39062,,39062,3940,43002,,43002,,43002,,43002,43002,208712
18,72000002-0002,41002504/41003798,22,BODY POPULAR,362.5,5,250,85,183123,12359,12359,11135,23494,24400,47894,18100,65994,18200,84194,13840,98034,21385,119419,13232,132651,10990,143641,,143641,,143641,,143641,143641,326764
19,72000461-0001,41000952,23,Clamp Micro Switch Nitro,1,1,50,40,67735,0,0,0,0,0,0,,0,0,0,,0,,0,,0,,0,,0,,0,,0,0,67735
20,72000461-0002,41000952,24,Clamp Micro Switch Nitro,1,1,50,40,0,0,0,1675,1675,752,2427,1800,4227,950,5177,3298,8475,,8475,,8475,,8475,,8475,,8475,,8475,8475,8475
21,72000645-0001,42000025,25,Lid - Coffee Maker,48.5,1,120,52,2833,0,0,0,0,,,600,600,800,1400,,1400,1340,2740,,2740,550,3290,,3290,,3290,,3290,4042,6875
22,72000114-0001,42000026,26,Filter Lid C.M - (W),15,1,80,50,15974,0,0,1095,1095,800,1895,2100,3995,2550,6545,,6545,2110,8655,5560,14215,,14215,,14215,,14215,,14215,14215,30189
,,42000115,27,Filter Lid C.M - (B),,,,,,,0,,,,,,,,,,,,,,0,,0,,0,,0,,0,0,0
23,72000675-0001,42000012,28,Condensor Unit for C.M (W),24,3.5,80,50,133590,1950,1950,1350,3300,1220,4520,1512,6032,0,6032,,6032,3709,9741,2660,12401,,12401,,12401,,12401,,12401,12401,145991
,,42000111,29,Condensor Unit for C.M (B),,,,,,,0,,,,,,,,,,,,,,0,,0,,0,,0,,0,0,0
24,72001487-0002,41900073,30,Fp coupler zodiac,19.2,2.5,100,93,58750,6036,6036,4966,11002,6600,17602,6534,24136,5800,29936,4850,34786,3190,37976,7270,45246,8000,53246,,53246,,53246,,53246,53246,111996
25,72000076-0002,,31,Cut Out Lock,,,,,0,0,0,0,0,,0,,0,,0,,0,,0,,0,,0,,0,,0,,0,0,0
26,72000865-0001,41000677,32,Dome 1.0Ltr Silver,44,2,120,50,263335,420,420,4509,4929,4804,9733,3800,13533,5200,18733,,18733,3150,21883,790,22673,665,23338,,23338,,23338,,23338,23338,286673
,,41001195,33,Dome 1.0Ltr Silver with Gasket,,,,,,,0,,,,,,,,,,,,,,,,0,,0,,0,,0,0,0
27,72000809-0001,41000815,34,Dome 1.0L Nitro,43,1,120,65,30861,0,0,1072,1072,0,1072,0,1072,0,1072,0,1072,0,1072,1485,2557,460,3017,,3017,,3017,,3017,3017,33878
,,41002710,35,Dome 1Ltr - Splendor,,,,,,,0,,,,,,,,,,,,,,,,0,,0,,0,,0,0,0
28,72001442-0002,41002463,36,Dome 1.25 Ltr - Crown,49,2,120,40,92677,1841,1841,10552,12393,13400,25793,8800,34593,5560,40153,5150,45303,7077,52380,14464,66844,9688,76532,,76532,,76532,,76532,76532,169209
29,72000315-0001,41000874,37,Dome P.P.C.P 1.5 Ltr - Preethi,45,2,100,55,91675,0,0,3696,3696,2400,6096,0,6096,0,6096,3090,9186,3127,12313,3920,16233,2220,18453,,18453,,18453,,18453,18453,110128
30,72000931-0001,41001611,38,Dome 1.5 Royale,99.5,5,150,55,122615,2358,2358,2858,5216,5400,10616,6900,17516,6100,23616,3260,26876,5380,32256,2265,34521,5540,40061,,40061,,40061,,40061,40061,162676
31,72001299-0001,41000795,39,Dome Gasket 0.33 Ltr (LDPE),6,1.5,150,45,61813,0,0,0,0,7000,7000,2200,9200,4100,13300,1025,14325,,14325,2113,16438,50,16488,,16488,,16488,,16488,16488,78301
32,72000326-0001,41000748,40,Dome Gasket 0.5Ltr (LDPE),5,1.5,150,45,19002,0,0,0,0,0,0,0,0,500,500,,500,638,1138,,1138,100,1238,,1238,,1238,,1238,1238,20240
33,72000287-0001,41000747,41,Dome Gasket 1.75Ltr(LDPE),8,1.5,150,45,60926,0,0,0,0,1200,1200,0,1200,1000,2200,600,2800,2010,4810,2575,7385,2840,10225,,10225,,10225,,10225,10225,71151
34,72001490-0002,41900063,42,Blade coupler zodiac,24.5,2.2,150,58,107529,11939,11939,8338,20277,13800,34077,13600,47677,12100,59777,12105,71882,20153,92035,5995,98030,12988,111018,,111018,,111018,,111018,111018,218547
38,72001385-0002,,43,,,,,,1030,0,0,0,0,,0,,0,,0,,0,,0,,0,,0,,0,,0,,0,0,1030
39,72000615-0002,41001940,44,Filter - S.E (Interlock),113.5,5,150,87,331424,6868,6868,22032,28900,23200,52100,22500,74600,21800,96400,11495,107895,32795,140690,23863,164553,,164553,,164553,,164553,,164553,164553,495977
,,41001325,45,Filter - S.E Steele,,,,,,,0,,,,,,,,,,0,,,,,,,,0,,0,,0,0,0
40,72000201-0002,42000050,46,Filter Body Big New,55.5,2.5,80,75,62658,772,772,0,772,0,772,2200,0,2200,2200,,2200,3300,5500,3755,9255,,9255,,9255,,9255,,9255,12227,74885
,,42000113,47,Filter Body Big Black,,,,,,,0,,,,,,,,,,,,,,,,,,0,,0,,0,0,0
41,72000103-0002,42000017,48,Filter Body Small,15,2,80,49,50492,2364,2364,0,2364,2500,4864,3100,7964,1800,9764,,9764,5410,15174,3035,18209,,18209,,18209,,18209,,18209,18209,68701
,,42000114,49,Filter Small Black,,,,,,,0,,,,,,,,,,,,,,,,,,0,,0,,0,0,0
42,72001602-0002,41003019,50,Filter taurus,106.2,4.3,180,74,132474,8745,8745,9236,17981,12100,30081,12510,42591,9100,51691,18190,69881,15480,85361,6490,91851,9290,101141,,101141,,101141,,101141,101141,233615
43,72000776-0002,41000918,51,Flexilid 0.5 Ltr - White,43,1,120,60,0,0,0,0,0,,0,0,0,0,0,,0,0,0,0,0,,0,0,0,0,0,,0,0,0
,,41000746,52,Flexilid 0.5 Ltr - Leaf,,,,,,,0,,,,,,0,,,,,,0,,,,,,0,,,,,0,0
44,72001540-0001,41000918,53,Flexilid 0.5 Ltr - White,43,1,120,60,196672,531,531,4295,4826,3253,8079,2600,10679,3600,14279,500,14779,,14779,5475,20254,,20254,,20254,,20254,,20254,20254,216926
,,41000746,54,Flexilid 0.5 Ltr - Leaf,,,,,,,0,,,,,,,,,,,,,,,,,,0,,0,,0,0,0
45,72000102-0001,41000745,55,Flexilid 1.75Ltr - Blue,90,7,150,80,119148,1545,1545,550,2095,1614,3709,1050,4759,1200,5959,1370,7329,,7329,1550,8879,2095,10974,,10974,,10974,,10974,10974,130122
,,41000843,56,Flexilid 1.75Ltr - Green,,,,,,,0,,,,,,,,,,,,,,,,,,0,,0,,0,0,0
,,41000917,57,Flexilid 1.75Ltr - Preett (White),,,,,,,0,,,,,,,,,,,,,,,,,,0,,0,,0,0,0
46,,41000766,58,Flexilid 1.5 ltr,69,4,,,65419,0,0,6735,6735,8800,15535,5200,20735,3600,24335,9076,33411,7739,41150,9224,50374,11482,61856,,61856,,61856,,61856,61856,127275
47,72000451-0002,41000110,59,Lid G & S,39.62,3.13,120,50,85607,5318,5318,2923,8241,8415,16656,5100,21756,8400,30156,2875,33031,7345,40376,2840,43216,5615,48831,,48831,,48831,,48831,48831,134438
48,72000636-0002,41001430,60,Housing - ABS Small Lavender,46,1,120,48,225,0,0,0,0,0,0,0,0,0,0,,0,,0,,0,,0,,0,,0,,0,0,225
49,72000661-0001,41001777,61,Housing Small XPRO,100,7,250,68,187628,4667,4667,0,4667,234,4901,5750,10651,6800,17451,5872,23323,4585,27908,4315,32223,200,32423,,32423,,32423,,32423,32423,220051
50,72001618-0002,,62,Housing big aries,54.2,3,120,54,183582,3575,3575,21381,24956,21400,46356,22300,68656,15900,84556,8962,93518,27374,120892,26225,147117,15560,162677,,,,,,,,
,,41002963,63,Housing big zodiac,54.2,3,120,54,,,,,,,,,,,,,,,,,,,,,162677,,162677,,162677,162677,346259
51,72000904-0001,leg insert top,64,Leg insert bottom,3,2,,,41359,7296,7296,5404,12700,4500,17200,7500,24700,8500,33200,16995,50195,7180,57375,,57375,5515,62890,,62890,,62890,,62890,62890,104249
52,72000903-0001,leg insertbottom,65,Leg insert top,2.5,0.5,,,41127,6615,6615,1920,8535,4800,13335,7500,20835,8500,29335,10325,39660,9175,48835,1225,50060,5565,55625,,55625,,55625,,55625,55625,96752
54,72001489-0002,41900035,66,Interlock rod zodiac,5.2,2.1,100,48,56282,0,0,6557,6557,7043,13600,5740,19340,6302,25642,9885,35527,,35527,9413,44940,9885,54825,,54825,,54825,,54825,54825,111107
55,72000884-0002,41001550,67,Jar Coupler 4Teeth 12MM,8,1,40,40,1854281,1763,1763,84588,86351,35500,121851,12500,134351,17000,151351,33661,185012,15000,200012,6000,206012,2000,208012,,208012,,208012,,208012,208012,2062293
56,72000070-0001,41000402,68,Jar Coupler 4Teeth RH - Thread,7,0.75,40,60,64498,1076,1076,2236,3312,775,4087,750,4837,0,4837,,4837,1750,6587,2640,9227,,9227,,9227,,9227,,9227,9227,73725
57,72001591-0002,41002880,69,Jar Coupler 4Teeth 12MM (I.G),7.2,0.6,80,47,743487,31411,31411,20291,51702,126700,178402,36000,214402,35500,249902,89917,339819,136000,475819,18500,494319,34713,529032,,529032,,529032,,529032,529032,1272520
58,72001591-0001,41002880,70,Jar Coupler 4Teeth 12MM (I.G),7.2,0.6,80,47,768015,0,0,44449,44449,80800,125249,60000,185249,64000,249249,20872,270121,,270121,47614,317735,30300,348035,,348035,,348035,,348035,348035,1116050
59,72001731-0001,41003584,71,Jar coupler Chakra,7.2,0.6,80,55,1124,0,0,0,0,0,0,,0,0,0,,0,385,385,104,489,,489,,489,,489,,489,489,1613
,72001601-0002,41003013,72,Juicer cutter holder taraus,24,6.25,120,60,51631,5875,5875,7420,13295,4200,17495,5500,22995,5240,28235,8919,37154,8994,46148,,46148,6220,52368,,52368,,52368,,52368,52368,103999
61,72001614-0002,41003018,73,Lock pin juicer taurus,0.9,0.5,120,60,7212,0,0,1041,1041,1450,2491,1375,3866,1725,5591,3340,8931,,8931,2788,11719,2513,14232,,14232,,14232,,14232,14232,21444
62,72001691-0001,41003512 & 41003564,74,Led Ring Mystic And Led Ring Cosmo,4.1,14.3,120,60,18553,0,0,487,487,950,1437,900,2337,1000,3337,2113,5450,,5450,,5450,,5450,,5450,,5450,,5450,5450,24003
63,72001596-0002,41003005,75,Led ring zodiac,1.3,8.43,100,38,"15,970",0,0,3334,3334,3480,6814,2800,9614,3800,13414,4888,18302,3925,22227,2695,24922,,24922,,24922,,24922,,24922,24922,40892
64,72000462-0002,41000951,76,Lever cap  Nitro,1,1,50,40,"17,651",0,0,0,0,1521,1521,1000,2521,1200,3721,,3721,,3721,5460,9181,,9181,,9181,,9181,,9181,9181,26832
65,72000780-0002,,77,,32,4,,,0,0,0,0,0,,0,,0,,0,,0,,0,,0,,0,,0,,0,,0,0,0
66,72000233-0002,41000794,78,Lid C.G 0.33 Ltr,32,4,120,60,812248,20509,20509,15684,36193,27800,63993,18400,82393,12680,95073,3860,98933,19925,118858,42288,161146,23190,184336,,184336,,184336,,184336,184336,996584
,,41002296,79,Lid 0.33 Ltr Spice with Gasket,,,,,,,0,,,,,,,,,,,,,,,,,,0,,0,,0,0,0
,,41001919,80,Lid 0.33 Ltr Neo,,,,,,,0,,,,,,,,,,,,,,,,,,0,,0,,0,0,0
,,41002466,81,Lid 0.33 Ltr Crown,,,,,,,0,,,,,,,,,,,,,,,,,,0,,0,,0,0,0
,,41002739,82,Lid 0.2 Ltr Blubeery with Gasket,,,,,,,0,,,,,,,,,,,,,,,,,,0,,0,,0,0,0
67,72001413-0001,,83,,0,0,,,0,,0,0,0,,0,0,0,,0,,0,,0,,0,,0,,0,,0,,0,0,0
68,72000187-0001,42000002,84,P.P. Base - C.M,49,5,120,49,19737,0,0,1242,1242,0,1242,1750,2992,0,2992,1190,4182,2070,6252,,6252,2130,8382,,8382,,8382,,8382,8382,28119
69,72001696-0001,41003509,85,Trigger Cosmo,7.5,2.1,100,45,4458,0,0,0,0,0,0,0,0,2500,2500,,2500,2575,5075,,5075,1500,6575,,6575,,6575,,6575,6575,11033
70,72001154-0001,41002140,86,Motor Coupler XPRO A-En,13,1.5,80,80,40443,0,0,0,0,2875,2875,6800,9675,2400,12075,1290,13365,,13365,1625,14990,1350,16340,,16340,,16340,,16340,16340,56783
71,72000885-0002,41001551,87,Motor Coupler 4Teeth 12MM,8,1,80,80,103322,10885,10885,12239,23124,17400,40524,32000,72524,14000,86524,,86524,47269,133793,20718,154511,18158,172669,,172669,,172669,,172669,172669,275991
72,72001590-0001,41003496,88,Motor Coupler 4Teeth 12MM (I.G),8,1,80,47,382995,18566,18566,12597,31163,30500,61663,30140,91803,,91803,,91803,24073,115876,22485,138361,17500,155861,,155861,,155861,,155861,155861,538856
73,72001320-0001,41001551,89,Motor Coupler XPRO -Hand Mould,12,2,80,60,4914,0,0,0,0,0,0,0,0,,0,,0,,0,,0,,0,,0,,0,,0,0,4914
74,72000078-0001,41000832,90,Motor Coupler (PACP),10.5,2.5,80,48,1813,0,0,0,0,0,0,,0,,0,,0,,0,,0,3750,3750,,3750,,3750,,3750,3750,5563
75,72000240-0001,41001825,91,Flexilid Big - Magic Blue,78,1,120,55,167123,0,0,680,680,0,680,0,680,,680,,680,,680,1065,1745,,1745,,1745,,1745,,1745,1745,168868
,,41001830,92,Flexilid Big - Magic White,,,,,,,0,,,,,,,,,,,,,,,,,,0,,0,,0,0,0
76,72000022-0002,41000249,93,Nylon Bush,1,1,40,30,379607,12030,12030,13386,25416,16200,41616,27200,68816,12800,81616,14711,96327,23914,120241,4069,124310,20318,144628,,144628,,144628,,144628,144628,524235
77,72000957-0002,41001911,94,Nylon Bush Big,1,1,40,40,196419,3088,3088,5755,8843,5200,14043,6750,20793,3650,24443,,24443,8123,32566,2828,35394,7059,42453,,42453,,42453,,42453,42453,238872
78,72001324-0002,41000936,95,Planetary Gear C & S,4.15,1.8,80,42,82162,2873,2873,7065,9938,8100,18038,9000,27038,9050,36088,9685,45773,11325,57098,16305,73403,9345,82748,,82748,,82748,,82748,82748,164910
79,72000613-0001,42000171,96,Preethi Logo - Foiled (W),0.75,1,100,49,24039,0,0,0,0,,0,,0,,0,,0,4925,4925,,4925,,4925,,4925,,4925,,4925,4925,28964
,,42000109,97,Preethi Logo - Foiled (B),,,,,,,0,,,,,,,,,,,,,,,,,,0,,0,,0,0,0
80,72001542-0001,42000125,98,Preett Logo,0.75,1,80,50,3600,0,0,0,0,,0,,0,,0,,0,,0,,0,,0,,0,,0,,0,0,3600
81,72000705-0003,41000935,99,Ring Gear C & S,7,4.5,80,48,59152,5573,5573,6657,12230,6050,18280,6200,24480,6100,30580,9385,39965,1230,41195,8502,49697,5298,54995,,54995,,54995,,54995,54995,114147
82,72001461-0001,41002611,100,Dome 0.5 Ltr San with Lid,94,4.6,130,60,188472,272,272,4397,4669,2510,7179,1750,8929,3200,12129,588,12717,,12717,1865,14582,500,15082,,15082,,15082,,15082,15082,203554
83,72001463-0001,41002609,101,Dome 1.5 Ltr with San,127,6,160,65,16576,0,0,0,0,1605,1605,1100,2705,1000,3705,,3705,,3705,2080,5785,440,6225,,6225,,6225,,6225,6225,22801
84,72000984-0001,41002221,102,S.E Jar - CB with Insert (Lavender),260,8,260,85,"43,952",2394,2394,0,2394,1422,3816,600,4416,680,5096,1850,6946,1219,8165,1045,9210,1740,10950,,10950,,10950,,10950,10950,54902
,,41002677,103,S.E Jar - CB with Insert (Steele),,,,,,,0,,,,,,,,,,,,,,,,,,0,,0,,0,0,0
,,41002681,104,S.E Jar - Leaf with Insert (CB),,,,,,,0,,,,,,,,,,,,,,,,,,0,,0,,0,0,0
,,41002254,105,S.E Jar - ECOPLUS with Insert (SAN),,,,,,,0,,,,,,,,,,,,,,,,,,0,,0,,0,0,0
85,72000982-0001,41001954,106,S.E Lid - Leaf (CB),51,3.5,160,55,"68,239",4171,4171,0,4171,560,4731,750,5481,5400,10881,760,11641,5365,17006,5290,22296,,22296,,22296,,22296,,22296,22296,90535
,,41001944,107,S.E Lid - Black (CB),,,,,,,0,,,,,,,,,,,,,,,,,,0,,0,,0,0,0
,,41001948,108,S.E Lid - Lavender (CB),,,,,,,0,,,,,,,,,,,,,,,,,,0,,0,,0,0,0
,,41002179,109,S.E Lid - White (CB),,,,,,,0,,,,,,,,,,,,,,,,,,0,,0,,0,0,0
86,72000143-0001,41001328,110,Bush Holder Plastic S.E - Black,16,1.5,80,42,165095,,0,0,0,,0,,0,,0,,0,,0,,0,,0,,0,,0,,0,0,165095
87,72000143-0002,41001328,111,Bush Holder Plastic S.E - Black,16,1.5,80,42,0,6936,6936,12513,19449,12345,31794,11900,43694,12400,56094,15773,71867,9315,81182,16135,97317,15235,112552,,112552,,112552,,112552,112552,112552
88,72001719-0001,41003551,112,S E Bush Holder,34,3,130,58,0,0,0,591,591,625,1216,1100,2316,1700,4016,,4016,,4016,,4016,,4016,,4016,,4016,,4016,4016,4016
89,72000351-0001,41001324,113,Dome S.E - Steele,56.5,2,150,58,33559,3579,3579,1726,5305,1264,6569,4600,11169,2200,13369,1980,15349,3985,19334,2595,21929,2215,24144,,24144,,24144,,24144,24144,57703
90,72001716-0001,41003547,114,Filter S E Cosmo,128,5,200,95,3648,0,0,0,0,1118,1118,2200,3318,2701,6019,715,6734,3965,10699,,10699,1280,11979,,11979,,11979,,11979,11979,15627
91,72000158-0001,41001329,115,Housing Nut S.E,3.75,1.5,80,40,74536,8082,8082,5146,13228,6125,19353,7600,26953,7830,34783,11959,46742,2785,49527,7513,57040,8740,65780,,65780,,65780,,65780,65780,140316
92,72001147-0001,41002221,116,Insert for S.E Jar - CB with Insert (Lavender),20,3,,,23594,1551,1551,960,2511,1265,3776,500,4276,685,4961,880,5841,,5841,1125,6966,2430,9396,,9396,,9396,,9396,9396,32990
,,41002677,117,Insert for S.E Jar - CB with Insert (Steele),,,,,,,0,,,,,,,,,,,,,,,,,,0,,0,,0,0,0
,,41002681,118,Insert for S.E Jar - Leaf with Insert (CB),,,,,,,0,,,,,,,,,,,,,,,,,,0,,0,,0,0,0
,,41002254,119,Insert for S.E Jar - ECOPLUS with Insert (SAN),,,,,,,0,,,,,,,,,,,,,,,,,,0,,0,,0,0,0
93,72000293-0001,41000416,120,Super Extractor Lid Leaf,66,2.5,100,58,127344,5980,5980,7522,13502,13800,27302,13000,40302,8000,48302,11006,59308,6570,65878,17342,83220,0,83220,,83220,,83220,,83220,83220,210564
94,72001187-0001,43000220,121,Fan Small SM,9,4.25,80,40,35751,0,0,0,0,650,650,1200,1850,0,1850,,1850,,1850,1200,3050,,3050,,3050,,3050,,3050,3050,38801
,,43000336,122,Fan Small SM 110 V,,,,,,,0,,,,,,,,,,,,,,,,,,0,,0,,0,0,0
95,72000578-0001,41200220,123,Stone Holder W.G,59.9,3.6,180,114,92861,52,52,0,52,0,52,0,52,0,52,,52,3598,3650,,3650,,3650,,3650,,3650,,3650,3650,96511
,,41200113,124,Stone Holder New,,,,,,,0,,,,,,,,,,,,,,,,,,0,,0,,0,0,0
96,72000950-0001,41001423,125,Switch Knob - Lavender,8.7,0.5,100,68,12023,0,0,0,0,700,700,0,700,300,1000,,1000,,1000,850,1850,,1850,,1850,,1850,,1850,1850,13873
97,72000625-0002,41000409,126,Rotary Switch Knob Leaf,8,1.5,40,35,0,,0,0,0,,0,0,0,,0,,0,,0,,0,,0,,0,,0,,0,0,0
98,72000625-0001,41000884,127,Rotary Switch Knob Leaf,8,1.5,40,35,99845,5966,5966,0,5966,4200,10166,3900,14066,6600,20666,6507,27173,1335,28508,3844,32352,3975,36327,,36327,,36327,,36327,36327,136172
99,72001595-0002,41003128,128,Switch knob zodiac,9.2,1.3,100,55,30390,0,0,3756,3756,3550,7306,2800,10106,3750,13856,5605,19461,,19461,5498,24959,,24959,,24959,,24959,,24959,24959,55349
100,72001443-0001,41002455,129,Switch Knob Crown,6,0.8,100,53,197746,3350,3350,16454,19804,7400,27204,6300,33504,3600,37104,16887,53991,2923,56914,6988,63902,4970,68872,,68872,,68872,,68872,68872,266618
101,72000643-0001,41001722,130,Switch Knob XPRO,12,1.5,80,49,59480,1444,1444,1400,2844,1862,4706,3200,7906,2100,10006,200,10206,1605,11811,2050,13861,,13861,,13861,,13861,,13861,13861,73341
102,72000006-0002,,131,Top cap,175.5,1,150,75,195131,22813,22813,15524,38337,18800,57137,21200,78337,17600,95937,12993,108930,10996,119926,14585,134511,12821,147332,,147332,,147332,,147332,147332,342463
103,72001212-0001,41003834,132,Top Cover XPRO,92,4,100,60,120675,4940,4940,4572,9512,11976,21488,5500,26988,6600,33588,5880,39468,2131,41599,5880,47479,3190,50669,,50669,,50669,,50669,50669,171344
104,72001460-0001,41002615,133,Dome Lid Clear San,10,1.7,120,45,43036,0,0,2400,2400,1950,4350,1350,5700,2800,8500,,8500,,8500,,8500,,8500,,8500,,8500,,8500,8500,51536
105,72000649-0001,41001725,134,Insert Top Cover XPRO,1,1,80,36,97923,0,0,0,0,7200,7200,4800,12000,4600,16600,,16600,2888,19488,11033,30521,,30521,,30521,,30521,,30521,30521,128444
106,72001599-0002,41002997,135,Indicator cover zodiac,2.6,1.25,100,44,35880,0,0,2485,2485,2800,5285,3750,9035,3800,12835,3965,16800,4300,21100,8570,29670,,29670,,29670,,29670,,29670,29670,65550
107,72000618-0001,42000151,136,Body - CAFEZEST (W),150,2,,,38340,0,0,0,0,0,0,,0,,0,,0,,0,,0,,0,,0,,0,,0,0,38340
,,42000104,137,Body - CAFEZEST (B),,,,,,,0,,,,0,,0,,0,,0,,0,,0,,0,,0,,0,,0,0,0
108,72001604-0002,41003027,138,pusher zodiac,56,1,,,0,0,0,0,0,0,0,0,0,0,0,16177,16177,13934,30111,12760,42871,16093,58964,,58964,,58964,,58964,58964,58964
109,72000788-0002,41000724    41000886,139,Lid bottle cg,,,,,0,0,0,0,0,0,0,0,0,0,0,0,0,0,0,,0,,0,,0,,0,,0,0,0
110,72000625-0002,41000884,140,switch knob leaf,,,,,0,0,0,0,0,0,0,0,0,0,0,0,0,0,0,,0,,0,,0,,0,,0,0,0
111,72000884-0002,41001550,141,Jar coupler 12mm new,,,,,0,0,0,0,0,0,0,0,0,0,0,0,0,0,0,,0,,0,,0,,0,,0,0,0
112,72000885-0001,41001551,142,Motor coupler 12mm new,8,1,,,0,0,0,0,0,0,0,0,0,0,0,0,0,0,0,,0,,0,,0,,0,,0,0,0
113,72000903-0001,,143,leg insert top,,,,,0,0,0,0,0,0,0,0,0,0,0,0,0,0,0,,0,,0,,0,,0,,0,0,0
114,72000904-0001,,144,leg insert bottom,,,,,0,0,0,0,0,0,0,0,0,0,0,0,0,0,0,,0,,0,,0,,0,,0,0,0
115,72000957-0002,41000249,145,Nylon Bush,1,1,,,0,0,0,0,0,0,0,0,0,0,0,0,0,0,0,,0,,0,,0,,0,,0,0,0
116,72000489-0002,,146,Fan axial,,,,,0,0,0,0,0,0,0,0,0,8000,8000,0,8000,0,8000,,8000,,8000,,8000,,8000,,8000,8000,8000
117,72000233-0002,41000794,147,Lid C.G 0.33 Ltr,32,4,120,60,0,0,0,0,0,0,0,0,0,0,0,0,0,0,0,,0,,0,,0,,0,,0,0,0
,,41002296,148,Lid 0.33 Ltr Spice with Gasket,,,,,0,0,0,0,0,0,0,0,0,0,0,0,0,0,0,,0,,0,,0,,0,,0,0,0
,,41001919,149,Lid 0.33 Ltr Neo,,,,,0,0,0,0,0,0,0,0,0,0,0,0,0,0,0,,0,,0,,0,,0,,0,0,0
,,41002466,150,Lid 0.33 Ltr Crown,,,,,0,0,0,0,0,0,0,0,0,0,0,0,0,0,0,,0,,0,,0,,0,,0,0,0
,,41002739,151,Lid 0.2 Ltr Blubeery with Gasket,,,,,0,0,0,0,0,0,0,0,0,0,0,0,0,0,0,,0,,0,,0,,0,,0,0,0
118,72001627-0003,41002459,152,housing crown,49,2,,,0,0,0,0,0,0,0,0,0,0,0,0,0,18190,18190,24025,42215,21040,63255,,63255,,63255,,63255,63255,63255
119,72000611-0002,41002615,153,dome lid clear san,10,1.7,,,0,0,0,0,0,0,0,0,0,0,0,0,0,0,0,1000,1000,180,1180,,1180,,1180,,1180,1180,1180
120,72000617-0002,42000002,154,base C and M,49,5,,,0,0,0,0,0,0,0,0,0,0,0,0,0,2070,2070,,2070,,2070,,2070,,2070,,2070,2070,2070
121,72000780-0002,,155,LID 0.33,,,,,0,0,0,0,0,0,0,0,0,0,0,0,0,0,0,,0,,0,,0,,0,,0,0,0
122,72001511-0003,41000096,156,HOUSING ABS BIG BLK,49.82,1.58,,,0,0,0,0,0,0,0,0,0,0,0,14400,14400,21366,35766,24627,60393,15993,76386,,76386,,76386,,76386,76386,76386
123,,41000531,157,HOUSING ABS BIG BLUE,49.82,1.58,,,,,,,,,,,,,,,,,,,,,0,,0,,0,,0,0,0
124,,41000828,158,HOUSING ABS BIG GREEN,49.82,1.58,,,,,,,,,,,,,,,,,,,,,0,,0,,0,,0,0,0
125,72000635-0001,41000322,159,housing abs 0.5 blk,65.65,2.15,,,0,0,0,0,0,0,0,0,0,0,0,0,0,300,300,15985,16285,17695,33980,,33980,,33980,,33980,33980,33980
126,,41000780,160,housing abs 0.5 blue,65.65,2.15,,,,,,,,,,,,,,,,,,,,,0,,0,,0,,0,0,0
127,72001782-0001,41002949,161,housing HL,38,1,,,0,0,0,0,0,0,0,0,0,0,0,0,0,320,320,20025,20345,14235,34580,,34580,,34580,,34580,34580,34580
128,72001459-0002,41000114,162,Motor fixing stand,110,3,,,0,0,0,0,0,0,0,0,0,0,0,0,0,0,0,0,0,15934,15934,,15934,,15934,,15934,15934,15934
129,72001412-0003,41001940,163,Filter - S.E (Interlock),113.5,5,150,87,0,0,0,0,0,0,0,0,0,0,0,0,0,0,0,0,0,30808,30808,,,,,,,,
,,41001325,164,Filter - S.E Steele,,,,,,,,,,,,,,,,,,,,,,,,,,,,,,,